cid,round,MAE,MSE,RMSE,MAPE (%),SMAPE (%),Model_Strategy
407,46,115.29196839781746,34093.39075280206,184.64395671887573,4712.106849756149,32.77662087409017,transformer_fedProx
408,46,0.6953731547123015,2.086408621455112,1.4444405911823135,68.75289369455277,22.491684146401603,transformer_fedProx
409,46,24.43967068055556,1692.970662419592,41.1457247161791,742.3370895214296,28.046566938117767,transformer_fedProx
410,46,11.511594341269843,378.3655211184729,19.451620012700044,461.5702125398607,29.4379600903156,transformer_fedProx
411,46,8.32361819097222,132.65486474039668,11.517589363247705,338.3449901215749,72.54288857319877,transformer_fedProx
412,46,17.13090735565476,836.3533365377774,28.91977414396208,638.2918598470847,30.522524806629868,transformer_fedProx
413,46,1.0153733095238096,4.1177513907154895,2.0292243322795755,77.96568700406151,22.482256586823933,transformer_fedProx
414,46,6.917799854662698,113.86873764314215,10.670929558531542,238.13178419816387,31.669192271558703,transformer_fedProx
415,46,4.999905001488096,79.60695602974323,8.92227303044147,258.4301125785699,25.46539567654572,transformer_fedProx
416,46,1.5325461950892858,5.730773041849164,2.393903306704171,83.69272669704077,30.529240141070517,transformer_fedProx
417,46,21.90631855109127,1435.395899895096,37.88661900849819,650.3070179873972,30.080211930562815,transformer_fedProx
418,46,26.30595848611112,2095.04578271408,45.77167008875774,1249.938055265951,26.462209053429117,transformer_fedProx
419,46,23.550130675347223,1304.1213262727656,36.11262004165256,114822821.9458676,59.430481287771606,transformer_fedProx
420,46,22.495209313725493,1084.576856215163,32.93291448103497,7.011531886201761,6.935145556824949,transformer_fedProx
421,46,7.4550806326884915,116.42680764127007,10.790125469208876,236.0453597324622,48.57684798681283,transformer_fedProx
422,46,2.0807571254960315,10.627554124460406,3.2599929638667025,147.04602712679824,35.74813904148982,transformer_fedProx
423,46,0.3323355039632937,0.2894369633056861,0.5379934602815225,175362051.83446008,41.92623911493352,transformer_fedProx
424,46,3.855577062748016,39.20087150299675,6.261059934467705,179.07822018714094,26.88171340609093,transformer_fedProx
425,46,26.69731766617064,2600.6306525381165,50.99637881789369,1161.6678363087733,28.28350357337224,transformer_fedProx
426,46,16.8636355843254,914.465763023184,30.24013497032022,847.4845836246228,25.18799206238647,transformer_fedProx
427,46,2.924648449156746,18.99146237682337,4.357919500957237,130.72957749213586,29.875700069557904,transformer_fedProx
428,46,2.516772477480159,12.82301669016184,3.58092399949536,139.67636548097423,38.07635885693215,transformer_fedProx
429,46,2.080512136359127,10.703406574330138,3.27160611540114,113.6510870692818,28.79782547725297,transformer_fedProx
430,46,5.922904370039682,113.83561767436228,10.669377567335513,311.98130401561144,26.824273506454503,transformer_fedProx
431,46,4.237918521130952,38.671012802459146,6.218602158239354,148.33719515522677,34.35570094652136,transformer_fedProx
432,46,72.09059815972222,12318.255346481208,110.98763600726528,2185.725479580227,46.32636815235636,transformer_fedProx
433,46,10.781933118551589,251.4843468031791,15.85825800027163,398.4099430429181,29.185168612487026,transformer_fedProx
434,46,0.276719309672619,0.642480923105946,0.8015490771661745,37.38026626856319,18.342720310369405,transformer_fedProx
435,46,8.616505498015872,244.84760815368472,15.647607106317716,518.4443309248019,24.96441730842856,transformer_fedProx
436,46,2.610305520287699,17.978284497406243,4.240080718265425,149.43174798275032,29.3536490071566,transformer_fedProx
437,46,30.489877028025795,1754.58983130943,41.88782438023525,1023.9825489777184,72.66980579103105,transformer_fedProx
438,46,13.133893940476192,1012.8425698151616,31.825187663471237,1000.425525532202,20.992093228539066,transformer_fedProx
439,46,15.870724308035715,817.4453866002804,28.59100184673983,750.1588614787946,27.27910935912571,transformer_fedProx
440,46,17.82836905357143,812.6783488644572,28.50751390185502,499.8890779945897,34.807825847743565,transformer_fedProx
441,46,8.72507800248016,150.2816944214248,12.258943446375172,990812629.4164984,32.558467319145976,transformer_fedProx
442,46,15.814641946924604,693.8411627288773,26.340864881944885,695.2468694064802,28.13623999832712,transformer_fedProx
443,46,16.793332313492066,815.7189201239535,28.560793408516396,542.6915049589873,38.41418131996415,transformer_fedProx
444,46,0.7322038256448412,3.0704507771628764,1.752270178129753,70.52317340261094,21.28263242698278,transformer_fedProx
445,46,26.871433438988092,2195.7727365655305,46.859073150944106,1156.818737439634,27.25800567424768,transformer_fedProx
446,46,25.56712027777778,3286.125141259609,57.324734114164094,1893.356836831462,21.34000999639747,transformer_fedProx
447,46,14.87626338392857,442.47898083849344,21.035184354754143,434.8751347689194,37.30177061690175,transformer_fedProx
448,46,159.67660894345238,62489.51086411019,249.97902084797076,12242367161.100672,31.4874243294446,transformer_fedProx
449,46,12.542512137400792,396.1926015626125,19.904587450198825,1523.017820918325,64.56543486756019,transformer_fedProx
450,46,30.922361594742064,2238.9018759049463,47.3170357895013,1035.3670567286588,33.50009706701458,transformer_fedProx
451,46,1.3831354624503969,6.549237975437835,2.5591479002663826,97.39820402845146,26.391279426484942,transformer_fedProx
452,46,23.573660017857144,1912.1023805534423,43.7275928968591,1192.2847831702502,25.573820728164996,transformer_fedProx
453,46,3.149129998511905,40.19844307721463,6.340224213481305,223.62916675291095,24.006292193987782,transformer_fedProx
454,46,10.126271514880951,336.59053473059305,18.34640386371653,453.2840112337672,27.83806997416039,transformer_fedProx
455,46,8.026063711309524,215.72695949917068,14.68764649285823,469.6071120040833,24.33638231152444,transformer_fedProx
456,46,2.669923689484127,18.86889444643631,4.343834072157489,145.47388017487927,26.916966255407072,transformer_fedProx
457,46,15.071796458829366,779.715561705728,27.923387360879552,958.0409986792824,24.345370390924163,transformer_fedProx
458,46,7.731803386755951,127.16882084001315,11.276915395621852,208.6884776718349,47.18963154583848,transformer_fedProx
459,46,19.702198116567462,1083.649772147529,32.91883612990485,970.69787636843,28.72750131144208,transformer_fedProx
460,46,5.234646823412699,60.76102017357295,7.794935546466882,215.4378654495973,31.60064461121228,transformer_fedProx
461,46,16.663232335813493,833.917613848528,28.87763172160293,629.8796378943886,28.362839131093605,transformer_fedProx
462,46,2.09347964484127,15.924973478171832,3.990610664819588,131.18144608492554,24.01561048189905,transformer_fedProx
463,46,3.7297109308035714,36.96632856322563,6.079994125262427,162.0546007966284,29.929701652751085,transformer_fedProx
464,46,2.919753236855158,24.490922933518306,4.948830461181541,154.0827100060054,26.405399207906164,transformer_fedProx
465,46,3.8614246587301584,58.99396642349499,7.680752985449733,240.664906916937,23.319474602506915,transformer_fedProx
466,46,11.926251112103174,285.44375359236386,16.89508075128272,311.3205189898306,47.53763042242353,transformer_fedProx
467,46,14.814788981150794,1249.4085444185882,35.346973624605944,1206.614576976892,20.448872008124656,transformer_fedProx
468,46,8.84221824107143,249.5027605034864,15.795656380900615,455.1041938485316,26.28814333244813,transformer_fedProx
469,46,3.233213409226191,49.12847537255221,7.009170804920665,256.6590851284965,21.664892558024132,transformer_fedProx
470,46,7.309527220734127,141.94308905358756,11.913987118239952,305.6139880048535,29.035876167877024,transformer_fedProx
471,46,19.969726713293657,1965.895028706114,44.33841481950064,1317.5703014551757,21.765299640819613,transformer_fedProx
472,46,22.06145126190476,1018.427632612008,31.91281298494396,607.1845180663723,37.500429691710295,transformer_fedProx
473,46,19.23111309672619,719.8929573486511,26.830821033815777,739.4721511165923,32.979751969689666,transformer_fedProx
474,46,2.4408768095238096,17.28730901534888,4.157800983133859,144.35218883443218,26.82960971967831,transformer_fedProx
475,46,171.93536659226194,65172.61610483922,255.2892792595083,189855536889.8892,40.08168939666218,transformer_fedProx
476,46,0.9403285893353176,1.957076868012728,1.3989556347549867,645077003.6306882,52.18462711200623,transformer_fedProx
477,46,4.549800943948413,60.46014705638021,7.775612326780458,253.1128163634984,26.66967154703576,transformer_fedProx
478,46,9.700286275793651,239.73513222369849,15.48338245422164,466.5164665173692,28.34966908009905,transformer_fedProx
479,46,8.887977967757937,464.2597384554154,21.546687412579583,728.5035339472851,20.19108130560916,transformer_fedProx
480,46,2.9370389677579363,25.276277625991447,5.027551852143491,131.70508307263486,28.202481563094867,transformer_fedProx
481,46,32.62573794295635,2741.2322359017994,52.35677831858831,981.4705576119588,33.32485718413955,transformer_fedProx
482,46,153.45908869047622,59693.00187949409,244.3215133374343,5278.565857182499,31.568647650760923,transformer_fedProx
483,46,98.2516827876984,25880.554397463104,160.87434350281933,64959.47115688164,48.21914558454711,transformer_fedProx
484,46,11.760684975198414,339.9827287247711,18.43862057543273,540.4091469820111,30.610659585240143,transformer_fedProx
485,46,26.762142420634923,2077.831831044739,45.58324068168847,762.8471081760578,33.362035840231364,transformer_fedProx
486,46,25.125992920138888,1934.8499489393896,43.9869292965466,1081.1798147825036,25.565028495707544,transformer_fedProx
487,46,16.463607216517858,736.3541125777784,27.13584552907424,2885.8807762936685,42.598830753843295,transformer_fedProx
488,46,17.268082367063492,841.1375166165325,29.002370879232146,727.4797018923139,27.5242162038274,transformer_fedProx
489,46,68.64630353174603,12909.23387035937,113.6188094919119,1994.571893520122,29.44755230113421,transformer_fedProx
490,46,19.420628392857143,1571.0091063627283,39.63595724039888,906.1716641502928,24.964357212999342,transformer_fedProx
491,46,13.41749621626984,544.7285636553844,23.339420808053152,664.589534627131,26.590528070109016,transformer_fedProx
492,46,44.61105401884922,4176.747851302875,64.62776378076897,778315347.143271,51.42140185416877,transformer_fedProx
493,46,71.94016437996031,13973.92113050248,118.21134095552118,2992.569714102176,28.369976314920248,transformer_fedProx
494,46,12.656997929563492,457.94987248578514,21.39976337452789,568.2125368450804,28.14288634736412,transformer_fedProx
495,46,8.601139239583333,228.28342514224065,15.109051099994357,2648927072.2707644,28.211941456858455,transformer_fedProx
496,46,9.746942070436509,327.69803828167187,18.102431833366253,522.7596712825051,26.29901110072551,transformer_fedProx
497,46,1.9149148916170635,11.60750133183262,3.4069783286414697,117.5047227269034,25.15777776426144,transformer_fedProx
498,46,4.495382096726191,51.71418234912624,7.191257355228378,224.23370575334647,28.018331118437445,transformer_fedProx
499,46,32.03972656894841,1244.573443563182,35.278512490795045,882988091.1346933,127.96939881987524,transformer_fedProx
500,46,57.99917002281746,8389.965727840341,91.59675609889436,40711.075315924194,48.75441158799806,transformer_fedProx
501,46,14.352755837797618,637.9552142298006,25.25777532226068,694.5019158072827,26.397676787227088,transformer_fedProx
502,46,7.588558313492063,121.6018983645051,11.02732507748389,279.70996858691126,31.438817280582697,transformer_fedProx
503,46,1.8008114853670634,14.772748041570614,3.8435332757204814,135.79195588216845,22.503633442362144,transformer_fedProx
504,46,19.981659200396823,1606.2043959912432,40.07747991068354,1229.235522490209,22.918926810320684,transformer_fedProx
505,46,11.826363038690475,814.4992914264282,28.5394339717246,848.2660290346475,20.559706792747,transformer_fedProx
506,46,35.07188213293651,9850.203306888612,99.24819044641876,3378.969823752668,18.5800631423339,transformer_fedProx
507,46,7.443241626488095,182.5305681512274,13.51038741677038,357.8143686656873,25.654023624236544,transformer_fedProx
508,46,4.812333389236112,50.1448343510825,7.081301741281931,218.99091530791011,65.12375418963619,transformer_fedProx
509,46,10.273652989583333,300.1102323065594,17.323689916024225,403.5511034965799,28.20613390366345,transformer_fedProx
510,46,1.538476553968254,6.441918929402648,2.5380935619875498,81.30639088494227,37.3424584420256,transformer_fedProx
511,46,2.461299199652778,26.90086559886737,5.186604438249303,169.14186442779996,23.35543314500162,transformer_fedProx
512,46,1.404119877529762,3.927053779417868,1.9816795349949667,79.48580188817178,35.24784987940481,transformer_fedProx
513,46,34.39717623462302,2420.616732042175,49.19976353644573,598.9283403404436,49.667191263461774,transformer_fedProx
514,46,1.542432885416667,9.420118080856827,3.069221086995335,111.154562373674,23.260739940246,transformer_fedProx
515,46,15.137120845734126,598.2468380239942,24.45908497928723,628.8488642346468,29.87480927143944,transformer_fedProx
516,46,23.49165783333333,1703.6190268639864,41.27492007095818,1369.6758295394588,40.983624724737375,transformer_fedProx
517,46,0.8328532320039682,1.7159388719872215,1.3099384993148426,745791596.2019011,53.78315355274673,transformer_fedProx
518,46,54.43625728174603,10157.95915161906,100.78670126370376,3535.2009032355672,23.77046438382146,transformer_fedProx
519,46,121.6022573065476,25398.40310186938,159.3687645113351,12.126604175897707,12.152752565343397,transformer_fedProx
520,46,14.878048177579364,446.5068746897001,21.13070928032706,350.2126079628339,46.080386689910256,transformer_fedProx
521,46,7.855299602182541,236.2937978527081,15.371850827168084,1865.9947179654505,42.61413909932632,transformer_fedProx
522,46,2.8857429427083336,27.0911351459445,5.204914518601098,224.5841097996024,24.829789876254186,transformer_fedProx
523,46,1.664665074007937,5.831467651059639,2.414843193886435,15157264.102615736,51.46311163807498,transformer_fedProx
524,46,17.927275337301587,1231.2795950732848,35.08959382884454,1133.3490672384987,22.95235522025948,transformer_fedProx
525,46,2.165171659722222,12.520087947056291,3.538373630222831,117.95596790010464,27.717467619879287,transformer_fedProx
526,46,2.996071719246032,28.69295018365602,5.356580082819263,180.97897393572663,24.806506644108644,transformer_fedProx
527,46,2.877674257688492,31.07031373791902,5.574075146418374,185.08908747300936,24.259801381087463,transformer_fedProx
528,46,1.559883259751773,3.814846465781912,1.9531631948667043,8.616063569292907,8.588314567796235,transformer_fedProx
529,46,4.532403876984128,61.91426608231853,7.868561881457026,217.4802448142076,27.218189135782143,transformer_fedProx
530,46,9.72672643204365,258.9861504934807,16.093046650447537,339.69509929755515,29.564588094991173,transformer_fedProx
531,46,1.3787839907242063,4.772550547584162,2.1846167965078367,80.82221003650862,31.20370104491947,transformer_fedProx
532,46,16.46823709027778,636.1984466513989,25.22297457976356,397.6418446477104,41.012459597488494,transformer_fedProx
533,46,11.445764756944444,384.255554902426,19.602437473498696,2588.5719838702234,44.74673716137437,transformer_fedProx
534,46,0.7537739136904762,1.1379152936626766,1.066731125290097,28287772.085367803,36.0804668323464,transformer_fedProx
535,46,5.479045141121032,61.8434316405079,7.864059488617053,184.8717036047548,30.421105154999445,transformer_fedProx
536,46,0.6966717288194445,1.2578925625435775,1.1215580959288636,47.792660475660384,33.76667271187397,transformer_fedProx
537,46,21.51598237549603,1326.1591312709422,36.41646785824982,826.0344545341301,26.97238648979644,transformer_fedProx
538,46,1.7039391945436508,5.189713048924064,2.27809417033714,97.17061766981912,42.87990645424525,transformer_fedProx
539,46,1.1592955845238095,3.535881200574238,1.8803938950587555,93.07082531345831,34.37178854106849,transformer_fedProx
540,46,33.024551875,3405.0584305858038,58.3528785115679,1743.9757302322569,25.59797133965482,transformer_fedProx
541,46,0.7187486119543652,1.2523994358209576,1.119106534616324,202476175.12801585,43.40075069148394,transformer_fedProx
542,46,10.39412361954365,363.5551401187221,19.06712196737416,596.0438470027142,24.446498162470668,transformer_fedProx
543,46,0.7026230448263889,0.9079211313468476,0.952848955158606,9363692.792085608,42.42140560643645,transformer_fedProx
544,46,28.57529270337302,1626.239195969424,40.32665614664107,21764.75038839611,90.30099323153668,transformer_fedProx
545,46,13.785051711309524,481.569763581124,21.944697846658176,528.0969699346911,28.28742219908746,transformer_fedProx
546,46,171.34150980158728,120301.35370781992,346.84485538612205,10442.75424494805,23.422875014560542,transformer_fedProx
547,46,5.585703438492064,102.34900097899946,10.116768307073135,302.90887346655467,25.63530982220791,transformer_fedProx
548,46,3.938897550347223,32.9537433704812,5.74053511185858,136.2161955704963,35.659187439253856,transformer_fedProx
549,46,4.696160571676588,42.22442815168022,6.498032637012546,168.2924462745594,33.37190689218112,transformer_fedProx
550,46,7.793658336309523,152.7383648070087,12.358736375819689,322.86156472964245,28.96020485332749,transformer_fedProx
551,46,27.94217427083333,3423.7486550064086,58.5128076151402,2095.5024521018995,22.633135593058853,transformer_fedProx
552,46,5.267205834077381,63.76620891858161,7.985374688678147,128079838.83898884,30.350917454319603,transformer_fedProx
553,46,17.698702921130952,988.3649882353463,31.43827266621604,2434.525401858743,43.03980801619748,transformer_fedProx
554,46,16.144849032242064,887.8539490159076,29.79687817567316,757.8244908338104,26.83114044227016,transformer_fedProx
555,46,6.706614828252032,74.88840152110487,8.653808498060544,26.117295872987743,22.234319682071877,transformer_fedProx
556,46,164.35920496031744,120773.70824794432,347.5251188733619,10654.392731694385,22.539995271975847,transformer_fedProx
557,46,5.225085631448413,70.92597039792066,8.421755778810061,180.9241871967245,32.224782539450985,transformer_fedProx
558,46,4.839501786706348,59.266059594338415,7.698445271243955,207.5977031440141,27.501645793803885,transformer_fedProx
559,46,12.025770032242065,506.3791543782741,22.50286991426369,786.0844733373843,24.29814403878952,transformer_fedProx
560,46,188.33458162698412,87745.1666260926,296.2181065129081,3853.830675233567,39.17641945196971,transformer_fedProx
561,46,312.2667609325397,193818.90369111268,440.2486839175248,8405.551862696742,40.74187176351505,transformer_fedProx
562,46,80.93198319444444,19425.089863901856,139.3739210322428,4292950455.201141,29.09344134492268,transformer_fedProx
563,46,10.084157658234128,170.0340746470137,13.039711447996604,278.77646068666974,36.4098881066388,transformer_fedProx
564,46,2.565196309523809,16.940268026789997,4.115855685855616,136.1750846825436,28.827960434057704,transformer_fedProx
565,46,2.050919257787699,14.07118119951634,3.751157314685208,418.1800668120034,31.37435703856346,transformer_fedProx
566,46,0.448986266875,0.3053469036074178,0.5525820333737045,140.08382858269215,164.18102239293853,transformer_fedProx
567,46,13.341115489942528,282.5783718869889,16.81006757532488,9.790985246679226,9.44984416070334,transformer_fedProx
568,46,2.213514720833333,11.101073245993852,3.3318273133513165,471.8328607647424,78.47672830563658,transformer_fedProx
569,46,22.19964091765873,1154.2339694163927,33.974019035380444,6.682262523340646,6.694754519244875,transformer_fedProx
570,46,24.80651916269841,883.9461927310693,29.731232613719012,20.74690927282262,18.333874608318705,transformer_fedProx
571,46,9.01959529513889,131.26140771578832,11.456937100106131,33.03236159553371,25.50259562232776,transformer_fedProx
572,46,55.74985599702382,18067.504857429085,134.41541897204013,4081.393103461276,24.59682689388464,transformer_fedProx
573,46,2.00908469469246,6.431286430104421,2.535998113190233,17.73278777350507,15.707236737727872,transformer_fedProx
574,46,10.703941452876984,206.98592833742325,14.387005537547529,54.783926791783855,35.94852709745518,transformer_fedProx
575,46,4.24990373015873,47.637526120867335,6.901994358217582,15.465016886660942,14.336003666923745,transformer_fedProx
576,46,6.934266294642857,87.96486386793953,9.378958570541805,3.883960455937544,3.867137400086433,transformer_fedProx
577,46,6.964619181051588,102.8330588158904,10.140663627982658,15.74119376707637,12.8881761156992,transformer_fedProx
578,46,5.918404123511905,64.16478032043915,8.010292149506105,9.961767553425853,10.13032628694385,transformer_fedProx
579,46,0.8250840684325397,1.180286013840575,1.0864096896845936,175.20820125280054,103.61402321312778,transformer_fedProx
580,46,14.662241708333331,350.8647295683966,18.731383546561545,18.491261689693868,16.525154322479825,transformer_fedProx
581,46,2.28391926264881,14.183019373594334,3.766034967123159,182.3036202681316,31.70768703316247,transformer_fedProx
582,46,3.6569977561507936,24.890590414521757,4.989047044729259,126.15781355038686,98.54771856538255,transformer_fedProx
583,46,442.8023348214286,233308.672358437,483.0203643309845,85.96144787583663,171.92118836343963,transformer_fedProx
584,46,22.789837759920637,799.6023213801873,28.27724034237053,20.27828873899641,17.883606451475607,transformer_fedProx
585,46,12.53377574900794,273.3172441778534,16.532309099997295,6.34382930046563,6.139303560606573,transformer_fedProx
586,46,31.820997011904765,1516.724300007334,38.94514475524945,41.073201275343976,31.30923778432298,transformer_fedProx
587,46,2.2064442123015877,8.667938541002332,2.944136297966236,2.0450978297258477,2.0444441158474373,transformer_fedProx
588,46,5.660186966765872,49.33119557882355,7.023616986910914,40.85162733819526,31.549620419833477,transformer_fedProx
589,46,16.40933474404762,422.75403034177896,20.560983204647076,14.04960218522204,13.113878643353882,transformer_fedProx
590,46,0.7785039192361111,0.9024760824300564,0.9499874117218904,4122247422.6393657,134.69810644752914,transformer_fedProx
591,46,9.158262030797102,171.58591462420665,13.099080678589878,978.061852868834,75.20766612241422,transformer_fedProx
592,46,45.70495030753969,13310.537309702517,115.37130193294396,4288.529206950386,19.907549518204487,transformer_fedProx
593,46,13.127813223880596,303.77360687919804,17.429102296997343,11.920830125122263,11.970671614069143,transformer_fedProx
594,46,13.473806284722222,366.09457034148426,19.13359794553769,3.256945958538003,3.330587356368196,transformer_fedProx
595,46,30.30553080357143,1328.9102289570408,36.45422100329454,16.076603663865715,14.391429411170822,transformer_fedProx
596,46,1.5416125393849205,3.834089414498545,1.9580830969339744,20.695610871141184,18.42257530561448,transformer_fedProx
597,46,35.69434090922619,2066.1987932309817,45.45545944362439,36.31249794867563,26.04429412440197,transformer_fedProx
598,46,3.1494729489087305,19.36765580881713,4.400869892284607,6.425470752372147,6.239320545054914,transformer_fedProx
599,46,24.78520180952381,1386.5215120798564,37.23602438606808,26.162186002657624,23.40231817508444,transformer_fedProx
1000,46,20.30419887648809,1134.4995772659197,33.68233331089044,6657.896969018229,48.05053302331402,transformer_fedProx
1001,46,17.282079723214288,766.5953765671011,27.687458831880924,6566.767002073614,52.40858299067833,transformer_fedProx
1002,46,63.30421326091269,8251.589802865226,90.83826177809232,86967.85977202376,161.18433790959634,transformer_fedProx
1003,46,7.153741612053572,131.63398957590547,11.473185676868717,2397.377342327464,49.10698614256306,transformer_fedProx
1004,46,1.29169577991453,87.06227965797542,9.330716995921344,1.976284890123791,3.9521484842959023,transformer_fedProx
1005,46,34.084867180555555,3277.849864854536,57.25250968171208,12668.564772433529,43.61054757559206,transformer_fedProx
1006,46,9.990142109375002,187.46745994326787,13.691875691199796,2858.3865649948893,96.31325756988832,transformer_fedProx
1007,46,38.64369543700397,2737.271144943784,52.31893677191638,8858.325942650386,92.9482361801202,transformer_fedProx
1008,46,55.61023147271825,7819.528737660741,88.42809925391782,50778.71902436043,66.77780567332184,transformer_fedProx
1009,46,28.00739751976496,1809.0951025287843,42.53345862410891,15574.209255628832,61.585553965043886,transformer_fedProx
1010,46,40.34931722966269,5063.436233501159,71.15782622804859,15500.819830666962,54.55247405353427,transformer_fedProx
1011,46,6.141253648090278,69.14722720721602,8.315481177130764,217610500.86449376,83.9106286544501,transformer_fedProx
1012,46,13.109535844742062,520.0748884169109,22.80515048003216,5331.737398951331,41.96745087042415,transformer_fedProx
1013,46,31.745244538690475,3120.88986229698,55.86492515252285,12693.114761210476,41.90785721109616,transformer_fedProx
1014,46,10.150760055059523,361.6539376857782,19.01720110020868,4092.226923566625,39.98408435429988,transformer_fedProx
1015,46,21.17194025668724,791.3621169030221,28.131159181644502,19.53922721469197,16.848503143287026,transformer_fedProx
1016,46,37.680483953373006,6976.5455788756735,83.52571806860252,5201.686440147863,22.02640417378993,transformer_fedProx
1017,46,5.057849503472221,47.12340870240256,6.864649204613632,7.341252042892762,7.258873937072597,transformer_fedProx
1018,46,22.12817228174603,803.8171681623585,28.35166958333069,10.168481925740696,9.551582358742769,transformer_fedProx
1019,46,62.411158105158734,11863.497729954166,108.91968476797096,4160.586273623472,28.92443875841101,transformer_fedProx
1020,46,76.26183206398808,11047.8189109203,105.1086053133629,46695547638.24027,32.07024934735742,transformer_fedProx
1021,46,1.4691482237103173,4.3771878885318,2.092173006357696,21.697560205453616,19.53864067024261,transformer_fedProx
1022,46,2.7120931208829364,14.627571903698232,3.824600881621275,19.397755267710988,17.640726157370885,transformer_fedProx
1023,46,6.527878600198413,100.1385987914737,10.00692754003314,14.928683729041694,13.880500808068408,transformer_fedProx
1024,46,1.6600016446924604,5.282709525334939,2.2984145677694743,75.63324911611257,37.35019645508103,transformer_fedProx
1025,46,5.481989779761905,57.73438849084508,7.5983148454670575,6.249986146041623,6.423572667904506,transformer_fedProx
1026,46,4.392922257688491,40.77771893616092,6.385743412959913,15.94390530299761,15.040694684928155,transformer_fedProx
1027,46,71.64301707837303,14640.284694882426,120.99704415762572,13315.51268082074,45.69517313766325,transformer_fedProx
1028,46,2.427902637946429,11.952918166458575,3.457299259025544,42.95843415600677,30.92065986636989,transformer_fedProx
1029,46,12.644705319940476,606.5480967705997,24.628197188803725,571.0626868749376,25.53808577554004,transformer_fedProx
1030,46,13.06776268204364,272.8518624559308,16.51822818754877,9.400423230852496,9.95713939650439,transformer_fedProx
1031,46,19.1907342281746,747.9932797692575,27.349465804093093,13.17019986956699,12.787251750731112,transformer_fedProx
1032,46,3.1679916666666665,21.542629876908855,4.641403869187518,22.09223720745838,19.231769293976768,transformer_fedProx
1033,46,38.8839556969246,3180.13137380865,56.392653544665286,15.849596148766128,15.0602859201256,transformer_fedProx
1034,46,27.8570993328373,1507.6378160514143,38.82831204226388,22.719205641793334,19.57684826004279,transformer_fedProx
1035,46,20.717102089781747,967.0629424473436,31.09763564079018,15.042103398233566,13.890011570788127,transformer_fedProx
1036,46,13.939650271825396,424.76655816143824,20.60986555418153,21.17498481890573,18.676500775779527,transformer_fedProx
1037,46,4.598941223214286,46.681550741776135,6.83238982653772,15.965789569185285,15.296170130455176,transformer_fedProx
1038,46,12.829744305803573,304.3728953640804,17.446286004880246,79.93506180032071,48.24532685609358,transformer_fedProx
1039,46,19.10095344394841,770.6549267151526,27.76067230301083,41.71776824514114,30.00915240639617,transformer_fedProx
1040,46,2.615963852728175,14.945059633740875,3.8658840688438754,19.69738127771349,17.36803829700914,transformer_fedProx
1041,46,50.609428219246034,5420.77962978192,73.6259439992583,12.9111544617935,12.429751883696875,transformer_fedProx
1042,46,17.193841818948414,569.0260197141436,23.854266279098663,33.867195338325054,25.85592690799288,transformer_fedProx
1043,46,6.008297518353174,64.32626691920434,8.020365759689788,10.89917877036577,10.978553469095298,transformer_fedProx
1044,46,5.579793140376984,54.25765441139927,7.365979528304384,7.224391834295119,7.43754208234359,transformer_fedProx
1045,46,8.94905698015873,156.0013346684972,12.490049426183116,10.150599284563093,10.366849968628154,transformer_fedProx
1046,46,32.139254598214286,1906.36923528068,43.66198844854274,13.027664104158443,12.644848278415736,transformer_fedProx
1047,46,37.04604137251984,2277.999740522436,47.72839553685453,3294.0295700789966,169.4737748496464,transformer_fedProx
1048,46,11.560160848710316,293.73142797651946,17.13859469082922,26540176715.68965,31.077353569928672,transformer_fedProx
1049,46,7.526930373511904,128.69859400807215,11.344540273103716,20.955109996360243,18.43036483360491,transformer_fedProx
1050,46,5.881901229166666,92.8825219076034,9.637557880895107,18.608406369505367,15.837878275037069,transformer_fedProx
1051,46,52.88508971230159,8029.035921973255,89.60488782412071,1683.4529770768422,29.50709734109901,transformer_fedProx
1052,46,2.316420966964285,11.234645761709055,3.3518123100360286,34.45407448452872,26.6285984393339,transformer_fedProx
1053,46,6.650552316964287,96.63508393575196,9.830314539003924,19.5631927708311,17.01237820171061,transformer_fedProx
1054,46,31.497451641865084,1841.3188891766008,42.910591806413024,9.495937171260657,9.74862362800692,transformer_fedProx
1055,46,19.27118966468254,782.1329653312283,27.96664022243695,12220514778.94777,21.007684067350123,transformer_fedProx
1056,46,1.2196124174107144,2.29428887877854,1.5146910175935355,26.05242462082067,21.57376061866931,transformer_fedProx
1057,46,8.144970870535715,111.07606485614032,10.53926301295021,7.3680463016656015,7.198213091998686,transformer_fedProx
1058,46,1.249626506498016,2.7823248986119213,1.668030245113056,14.747019752622297,13.519185909658283,transformer_fedProx
1059,46,30.61502141369048,2061.459137903911,45.40329435078375,13.088880585421588,11.950574966183616,transformer_fedProx
1060,46,10.172540177083333,162.2319775216154,12.737031739051895,19.37919352386512,17.205742958172415,transformer_fedProx
1061,46,3.770788132440477,27.591544441185317,5.252765408923695,12.01883706198811,11.534783089855598,transformer_fedProx
1062,46,16.19595819345238,1072.7860079109685,32.75341215676572,936.9709283608258,23.800107528086723,transformer_fedProx
1063,46,2.5221207864087303,13.293152259124124,3.645977545065812,18.544004408161268,16.585422988285536,transformer_fedProx
1064,46,15.246778065476189,524.9449158603494,22.911676408773527,3.320334219758291,3.3279125963842,transformer_fedProx
1065,46,1.546253432043651,3.844534373661249,1.960748421817865,10.606692873540808,10.103390838978452,transformer_fedProx
1066,46,4.919844474702381,41.34339707977604,6.429883131113352,5.808908303016381,5.74104832454104,transformer_fedProx
1067,46,22.376140644841275,830.8089486463059,28.823756671299908,11.401402104134634,10.851605441441784,transformer_fedProx
1068,46,39.96458385912699,9567.98918704985,97.81609881328252,2772.157651049192,20.468401999346074,transformer_fedProx
1069,46,40.55614104166666,2682.0051529927155,51.78807925568118,18.906648829290173,17.0947758911724,transformer_fedProx
1070,46,3.893132672123016,25.60142818665916,5.0597853893874944,17.168940170871057,15.464175300197844,transformer_fedProx
1071,46,135.10175877976192,47683.76226022452,218.3661197627153,4.823389072709343,4.80995350387339,transformer_fedProx
1072,46,12.705240952380953,418.1937492980364,20.449786045287524,5.718983109187991,5.711805714820828,transformer_fedProx
1073,46,55.813797569444446,4119.043403049831,64.17977409628232,18.79866781737111,17.299188603407934,transformer_fedProx
1074,46,14.77445445436508,413.3991399676072,20.332219258300537,7.612643792620238,7.2533006595316,transformer_fedProx
1075,46,86.73274570932539,41413.02018541284,203.5018923386533,6391.172997651473,21.15123579177313,transformer_fedProx
1076,46,4.005066468998016,25.205300474167856,5.020488071310185,22.11405056329256,18.986334107938333,transformer_fedProx
1077,46,45.32733023809524,3432.789740356902,58.59001399860647,5.369286535588611,5.425825760263844,transformer_fedProx
1078,46,6.956848154265873,350.48854035222024,18.72133917090923,595.1936483459276,19.2023506710776,transformer_fedProx
1079,46,4.06473579265873,35.074515146438586,5.922374114022061,11.881644115971108,12.05619117225925,transformer_fedProx
1080,46,10.47405236607143,190.4095719096968,13.798897488919062,5.736351744139715,5.664277980546011,transformer_fedProx
1081,46,30.97305391269841,1251.1231393397118,35.37121908189923,72.03832137059663,47.57084540205021,transformer_fedProx
1082,46,94.4490623859127,36339.578849426594,190.62942807821304,7357.443352074777,26.32187548591554,transformer_fedProx
1083,46,9.438408100198412,163.98622146223985,12.805710502047116,5.724728002752953,5.575246756405921,transformer_fedProx
1084,46,8.977005344742064,148.47038878832285,12.18484258364969,17.458626705913836,15.069065581216066,transformer_fedProx
1085,46,8.9018088125,368.6903509874252,19.20131117886029,533.239150690866,22.35984617508456,transformer_fedProx
1086,46,4.762083226686508,40.36396728043363,6.353264301163113,13.608684729574186,13.386617182970962,transformer_fedProx
1087,46,17.31542291170635,520.8006296268102,22.821056715823,8.331928132191429,8.324516366562143,transformer_fedProx
1088,46,10.42460667311508,166.3463040852308,12.897530929803224,16.551285868214457,15.081980310210314,transformer_fedProx
1089,46,12.172575776785717,222.30205245980343,14.909797197138648,18.47693782903412,16.58671629938952,transformer_fedProx
1090,46,69.71894070932541,32802.056542413324,181.1133803516828,5175.642026913885,19.65907408830954,transformer_fedProx
1091,46,9.259957518849207,167.63457831014406,12.947377275345923,6.746449811278363,7.015859647847929,transformer_fedProx
1092,46,21.122695486111112,2835.652694931467,53.2508468940304,1571.5551934563357,20.1193909228651,transformer_fedProx
1093,46,0.1738953560119047,0.0796045623184568,0.28214280483198,93702526.01311596,12.74053063572411,transformer_fedProx
1094,46,6.797341622023809,80.4658631286941,8.970276647277613,18.782738115632977,16.896017781774606,transformer_fedProx
1095,46,0.7557594682539682,0.9681368622732972,0.9839394606749426,7.16797042802965,7.04005534064497,transformer_fedProx
1096,46,0.149259943204365,0.0412868081486058,0.2031915553082997,4.229742949419122,4.221062306830094,transformer_fedProx
1097,46,3.748026113343254,30.388458915154725,5.512572803614908,208582353.2466873,15.569262460999456,transformer_fedProx
1098,46,10.345694523313492,179.18712863498945,13.386079658921409,15.555586422370675,13.638230613259015,transformer_fedProx
1099,46,2.1347561465773808,8.630475331263254,2.937767065521576,10.93312404210142,10.323745988417048,transformer_fedProx
1100,46,12.356036566964285,209.48100656568704,14.473458693957262,16.555104187298234,15.089218644804642,transformer_fedProx
1101,46,7.290459656249999,136.18965239274624,11.670032236148549,2739092399.4941483,10.03836887494693,transformer_fedProx
1102,46,17.79443739285714,949.6437410847516,30.816290190169735,1356.855861934136,13.907818380714106,transformer_fedProx
1103,46,9.837773159722222,147.1141376545083,12.129061697200996,12.895887244847875,12.15960703311082,transformer_fedProx
1104,46,5.570179250496032,55.40643738749634,7.44355005272997,16.057373008964007,14.659793315373596,transformer_fedProx
1105,46,9.001820026785715,144.88579849522768,12.036851685354758,7.005803376976987,6.818243482970114,transformer_fedProx
1106,46,8.753436176587302,194.9165224406805,13.961250747718864,9.32370506397309,9.607956312463992,transformer_fedProx
1107,46,63.53291241071428,11456.02111503638,107.0328039202766,22129.668724634404,64.97451691125686,transformer_fedProx
1108,46,6.49118369890873,70.8476878290467,8.417106856221245,5.909516323969399,5.713073061207453,transformer_fedProx
1109,46,3.7356759737103182,26.708001961504035,5.167978517902724,4.817644324756007,4.761816489758705,transformer_fedProx
1110,46,12.727776382936508,254.91999695418357,15.96621423363045,10.619689249761125,10.233229046647082,transformer_fedProx
1111,46,81.92648368055556,14128.99784846041,118.86546112500642,8.602722431465196,8.336832325433988,transformer_fedProx
1112,46,2.7417601046626983,13.573267825365145,3.684191610837464,9.376417122823682,9.088647844556466,transformer_fedProx
1113,46,17.817149300099203,1772.2366831926242,42.09794155529014,1190.6710282329384,21.108061251089183,transformer_fedProx
1114,46,16.718782528769847,535.7102153658822,23.145414564571578,19.171563677403466,12.838800594175533,transformer_fedProx
1115,46,8.690072440476191,155.5990000027735,12.473932820196424,3.20676305850555,3.188361968715624,transformer_fedProx
1116,46,6.55865858234127,87.37385425823938,9.347398261454329,13.096550389555595,11.945378559800536,transformer_fedProx
1117,46,3.222839537202381,17.255216945457374,4.1539399304103295,21.88472157582632,18.87531481822384,transformer_fedProx
1118,46,6.0866837475198405,65.99651136441462,8.12382369112074,10.454009588954468,10.13394412682065,transformer_fedProx
1119,46,68.9392174156746,9795.19931395532,98.97069926981077,6.579583694819921,6.556506056866655,transformer_fedProx
1120,46,59.77457581349207,23360.73302661161,152.84218340043304,4766.128655552484,19.888465195843192,transformer_fedProx
1121,46,2.517345027777778,11.542853835833672,3.39747756958507,14.02147041245588,13.28336557358171,transformer_fedProx
1122,46,9.291667962301586,138.80136308829336,11.781399029329808,14.901512321687807,13.908045737310962,transformer_fedProx
1123,46,8.087225313988094,115.77128461091732,10.759706529962484,11.808780374497296,11.046110213389031,transformer_fedProx
1124,46,54.4467999404762,16778.459342537124,129.53169242520195,4076.081241883785,20.696993923268817,transformer_fedProx
1125,46,10.15673126438492,153.018202131561,12.370052632529944,17.66693985914555,16.717814431448854,transformer_fedProx
1126,46,76.29799857142856,11699.99262266278,108.16650416216092,25.92554229235788,23.45070736144908,transformer_fedProx
1127,46,48.03388207837302,4041.287804574689,63.57112398388666,5.36450443959667,5.193304980930002,transformer_fedProx
1128,46,45.21299450892857,3103.326385271373,55.70750744084116,14.761408434461348,13.44717628542798,transformer_fedProx
1129,46,29.10584902083333,1240.7966345634006,35.22494335784517,31.96991536359513,25.49427850502099,transformer_fedProx
1130,46,113.61596720734126,28978.66912528612,170.2312225336061,32.19902513873805,26.557449040404656,transformer_fedProx
1131,46,151.93944141865077,66583.23654898346,258.03727744065094,17065.288864375743,61.18662876992871,transformer_fedProx
1132,46,6.259632375992063,69.21706206948359,8.319679204721995,4.2212817866254655,4.1965492323588105,transformer_fedProx
1133,46,26.339787762896822,1494.0288985508548,38.65267000545829,8.154596605526477,8.189331010185152,transformer_fedProx
1134,46,127.85186890376986,45429.59323989008,213.14219019211117,13.466939324802176,12.342440646139774,transformer_fedProx
1135,46,3.344130440972221,28.246095201517143,5.314705561131034,2.378060485153394,2.4078920133565207,transformer_fedProx
1136,46,31.60626333333333,1475.9067358505858,38.41753162100066,15.394473572417835,13.912669001462492,transformer_fedProx
1137,46,98.15589191468254,20278.47440109584,142.40250840872093,8.193718756744412,7.851634774881934,transformer_fedProx
1138,46,6.924379742063492,71.76302151852332,8.471305774113182,22.325403771873457,19.48357796772411,transformer_fedProx
1139,46,4.8218812544642855,35.239491030819075,5.936285962689051,17.38348624616709,15.839804899261042,transformer_fedProx
1140,46,6.976010275297618,77.27883603682783,8.790838187387356,16.73026413329413,15.129843646613288,transformer_fedProx
1141,46,7.9666743844246035,97.44177194420656,9.87125989649784,12.510716529509702,11.938991667016891,transformer_fedProx
1142,46,80.34471952380952,14816.618846311503,121.72353448003186,22.31407164866875,20.03350562486595,transformer_fedProx
1143,46,3.691273842261905,23.546181788344256,4.85244080729938,33.76867646105596,27.1780888719884,transformer_fedProx
1144,46,5.024842755952379,47.61794029924686,6.900575360015052,8.57369880432674,8.33634630882343,transformer_fedProx
1145,46,14.976432403273812,459.1089442794309,21.42682767652344,36.55843986236826,28.764873918166334,transformer_fedProx
1146,46,193.62911741071423,88220.5695430913,297.0194767066485,13.9251337822495,13.054023207975272,transformer_fedProx
1147,46,24.04974375,1217.660395126562,34.89499097473106,4.683280028878121,4.640589193936293,transformer_fedProx
1148,46,2.8333719737103173,14.50986025839313,3.8091810482560593,7.187910871679995,7.129809956364205,transformer_fedProx
1149,46,42.42822508432539,3010.4680874426467,54.86773266176257,41.66202684197705,29.61816861578253,transformer_fedProx
1150,46,33.56237891369047,1325.7355370080047,36.4106514224616,15.413576727462427,14.660818736982757,transformer_fedProx
1151,46,14.753752543650794,289.1829369498455,17.005379647330592,51.9218285770482,35.89361700649915,transformer_fedProx
1152,46,1.480600972718254,4.013209004034913,2.003299529285352,6.776072932972118,6.912687442417257,transformer_fedProx
1153,46,18.3247405843254,614.1952274574141,24.78296244312641,34.11716093685028,25.607965626184782,transformer_fedProx
1154,46,10.84647885813492,188.7365122394493,13.738140785399212,10.2485348163395,9.801458619639044,transformer_fedProx
1155,46,2.1401734191468256,7.020014681794232,2.649531030539977,8.155756166855681,7.884903294165592,transformer_fedProx
1156,46,10.49085003125,164.78379411070034,12.836814017142274,12.504895475194406,11.614240731608389,transformer_fedProx
1157,46,91.26852419642856,16120.291153634898,126.96570857375193,12.512937565764291,11.843343740076492,transformer_fedProx
1158,46,22.14557169494048,852.8037847469789,29.202804398669983,14.37665728236184,13.039476776798036,transformer_fedProx
1159,46,3.676379878769841,21.744842109743157,4.663136509876496,61.92267097516312,41.640528816819575,transformer_fedProx
1160,46,38.0357245734127,2439.014841731106,49.38638316106076,14.524142452981014,13.533783643327933,transformer_fedProx
1161,46,4.459695129464286,36.64561982007709,6.053562572574689,8.519596925469774,8.43556935534459,transformer_fedProx
1162,46,18.718393988591277,555.1723985245196,23.562096649587865,20.322849499269367,17.73563613919858,transformer_fedProx
1163,46,16.337459797619047,466.4444021689747,21.59732395851335,9.929560156579331,9.486656082138865,transformer_fedProx
1164,46,2.758732853174603,18.923735088460397,4.350141961874393,10.815298213519815,10.423174900408236,transformer_fedProx
1165,46,64.83404063988097,11717.670062186462,108.24818733903336,7462.1210924585,41.11305507435458,transformer_fedProx
1166,46,2.1427808293650794,8.782737302549924,2.963568339443166,7.6786617061989775,7.6057914947581,transformer_fedProx
1167,46,28.882904176587303,1610.804486799574,40.13482884976058,6.140048868101882,6.248213883736993,transformer_fedProx
1168,46,19.728986000000003,580.8539140151651,24.100911061932184,37.14285819341529,28.99831621703327,transformer_fedProx
1169,46,2.208623992559524,9.703681835613038,3.1150733274857334,5.2579819783367645,5.151398626718083,transformer_fedProx
1170,46,104.79781969146823,23572.767798941288,153.53425610899114,11106.344161396451,87.22474816789432,transformer_fedProx
1171,46,9.812038315972222,168.6966355166332,12.988326894432292,15.254546067580357,13.957055584955825,transformer_fedProx
1172,46,28.624537827380955,2619.320954180443,51.179302009508135,10.877817838871238,10.307279721163324,transformer_fedProx
1173,46,8.09841259970238,115.4399740805298,10.74429960865434,12.79958253134618,12.542900915573693,transformer_fedProx
1174,46,1.7912415612599222,5.030929930783968,2.242973457440807,8.420817812245534,8.810052714438017,transformer_fedProx
1175,46,331.60108059523816,204795.45806736275,452.5433217575559,168606.58330105367,99.7154100254407,transformer_fedProx
1176,46,18.25172582936508,583.4490571656115,24.154690169108186,52.496250972899695,35.36025862094818,transformer_fedProx
1177,46,12.054868787202391,275.4097256816044,16.595473047840617,3009932125.334527,7.364305715820511,transformer_fedProx
1178,46,9.883241379960316,170.2990919309413,13.049869421988149,8.639604882520686,8.36020471249738,transformer_fedProx
1179,46,10.266575800099204,241.1516852641814,15.529059381178932,14.344943293195552,14.264415683785536,transformer_fedProx
1180,46,9.772381555059525,141.56721701903749,11.898202259965052,12.91381539450852,12.05384669475043,transformer_fedProx
1181,46,15.846663278769842,1128.647060838641,33.595342844487256,1655.462593416798,10.88468199180252,transformer_fedProx
1182,46,51.278310828373016,6087.022944277674,78.01937544147398,1630842903.2237718,36.43460423761081,transformer_fedProx
1183,46,8.234740342261906,145.37927966668144,12.057333024623706,3.40918504345212,3.358196014557952,transformer_fedProx
1184,46,13.77125726041667,640.3475527757565,25.30508946389553,1171798815.620284,12.53743580916638,transformer_fedProx
1185,46,10.207074749007935,147.15848355632366,12.130889644058414,21.56566696226195,19.14152713768257,transformer_fedProx
1186,46,255.47516481150797,120440.07394716106,347.04477225159445,29457888687.587982,36.07695117633471,transformer_fedProx
1187,46,3.3554465432539686,19.34516941547096,4.398314383428151,38177426.80781554,57.57631233174577,transformer_fedProx
1188,46,39.80925350694445,5535.990143311382,74.40423471356574,2703.080650357326,25.22900542331585,transformer_fedProx
1189,46,18.64817277232143,1121.6388309231286,33.49087683120776,5928.47453215955,29.41173694439368,transformer_fedProx
1190,46,2.5852315513392856,10.64703463252004,3.2629794103732923,13.846937803548236,12.773522160986392,transformer_fedProx
1191,46,10.43500005456349,167.1174906132832,12.927393032366703,13.88900726623818,12.74822680238366,transformer_fedProx
1192,46,68.19072056547618,7951.92799094408,89.17358348156746,29.98360755393657,26.33621559025061,transformer_fedProx
1193,46,17.089760091269845,487.57814676037344,22.08117177054636,18.2858894910054,16.138337860684633,transformer_fedProx
1194,46,92.16289794146824,14586.572025775817,120.7748816011666,35.17524011080497,27.856802483246124,transformer_fedProx
1195,46,2.913920485813492,17.41146668036428,4.172704959659176,11852759379.04888,78.21702928025356,transformer_fedProx
1196,46,33.633348050595245,2044.4315570609267,45.21539071003287,1478782399.6104846,9.455674517997616,transformer_fedProx
1197,46,5.7034378877480165,67.65614210766567,8.225335379646575,5801308776.62371,28.2323722492339,transformer_fedProx
1198,46,5.477795083333333,47.26933269606168,6.875269645334769,600287537.7252104,19.094049046548022,transformer_fedProx
1199,46,25.412258855158733,1805.9432588029244,42.49639112681128,66018116788.93581,43.288906735349656,transformer_fedProx
1200,46,5.79583859593254,93.93995041658866,9.692262399284733,15056913316.217545,43.28890513160605,transformer_fedProx
1201,46,12.443650745386904,241.8836906960613,15.552610414205756,31428138596.65708,80.34658783040615,transformer_fedProx
1202,46,23.46581172123016,1152.9732803542058,33.95546024359272,18339378055.38651,19.673770289878373,transformer_fedProx
1203,46,2.6643956986111115,16.459510907709824,4.057032278366765,2907069897.016078,18.995290233695204,transformer_fedProx
1204,46,4.984969226686509,51.035337549062206,7.143902123424019,3452208432.055849,21.566846516106374,transformer_fedProx
1205,46,2.8330047389384925,18.724714389007428,4.327206303032874,2769469869.516411,14.355158671827386,transformer_fedProx
1206,46,58.49989613591271,9620.454568424326,98.0839159517213,2159437521.779227,34.50619342268548,transformer_fedProx
1207,46,5.361599360069445,73.61667653259171,8.580016114937763,13025481602.978195,46.2079696627485,transformer_fedProx
1208,46,5.720614473809524,83.80411083760605,9.154458522359803,13899209683.825788,46.2049387679002,transformer_fedProx
1209,46,60.18300331200397,6255.115133512804,79.08928583261329,39145500361.94851,22.03771995250128,transformer_fedProx
1210,46,8.882431642857144,183.85255317528396,13.55922391493274,8016238640.418735,14.323407610446608,transformer_fedProx
1211,46,9.23515625297619,204.79468477060732,14.310649348321247,8250752976.203641,19.98307133696546,transformer_fedProx
1212,46,13.512089201388893,392.32989606880994,19.807319254982737,9919270076.19938,16.739736868734802,transformer_fedProx
1213,46,8.719051097718255,138.4184370777112,11.765136509098022,2483595381.3381066,23.460375698503043,transformer_fedProx
1214,46,15.719191874007931,402.84912781512486,20.07110180869812,652861022.055381,10.952047568281564,transformer_fedProx
1215,46,61.57806440625,7874.489494289054,88.73832032605223,295393084743.33484,113.3238143194102,transformer_fedProx
1216,46,4.676714181696429,55.79289490841788,7.469464164745546,3253048041.1281805,22.327272396406386,transformer_fedProx
1217,46,24.8325351061508,1169.1426098801128,34.19272744137432,6437677197.419092,15.18739023386001,transformer_fedProx
1218,46,72.57193118204366,8570.664180848451,92.57788170426268,1163262510.6483388,102.33965360304953,transformer_fedProx
1219,46,9.84416463095238,174.9609903328301,13.22728204631738,996567624.49865,20.250911636494603,transformer_fedProx
1220,46,8.346597415674603,141.3073266859889,11.88727583115614,6456868163.331827,19.78098291329263,transformer_fedProx
1221,46,37.93112527430556,2265.57366655537,47.59804267567491,429677794.8900203,18.75103615470077,transformer_fedProx
1222,46,9.790139602678572,197.4530932271132,14.05180035536775,7543368676.573838,16.07044284015817,transformer_fedProx
1223,46,54.05504645684524,4731.14461418512,68.78331639420362,35085633151.79038,17.301695520906733,transformer_fedProx
1224,46,123.68348257242066,22944.59149356079,151.47472229240358,155039044321.55334,52.69292856585294,transformer_fedProx
1225,46,43.1887305952381,3441.887906326552,58.667605254744736,12608148523.739674,14.006281237204036,transformer_fedProx
1226,46,108.81202642857146,12302.802668230945,110.91799974860233,1732569467.4707022,26.09898690107107,transformer_fedProx
1227,46,19.196133700396828,807.9737352932549,28.42487880876988,7.488920223640101,7.335818156961252,transformer_fedProx
1228,46,5.724415947420637,109.92581346471208,10.484551180890486,7218606444.604242,10.749366781792618,transformer_fedProx
1229,46,9.878068150396826,235.1010946137584,15.333006704940765,7106144312.418084,65.52784745410133,transformer_fedProx
1230,46,6.560323918154762,93.4508164503178,9.666996247558895,161556397.20416528,13.790819338638482,transformer_fedProx
1231,46,19.318029221230155,605.3769916117922,24.60441000332648,1634400903.1791265,11.095981191150443,transformer_fedProx
1232,46,211.7183097867064,48583.09047692738,220.4157219368151,17709457214.371162,25.83418265836492,transformer_fedProx
1233,46,14.073777852678573,509.7070371360858,22.57669234268133,15309523668.136528,12.061414395517623,transformer_fedProx
1234,46,10.088799189484126,203.7477813174548,14.27402470634876,1509042371.4997787,16.59739106428677,transformer_fedProx
1235,46,17.583906629464288,519.6891827918053,22.796692365161334,1289890760.0594995,12.092109094378532,transformer_fedProx
1236,46,16.219354224702382,518.7775386850225,22.77668849251406,1489501561.2417943,19.152309706577235,transformer_fedProx
1237,46,89.77846193204367,10277.588690857994,101.37844292973726,43570414921.84776,22.121777802018546,transformer_fedProx
1238,46,0.073638418875,0.0054522106680601,0.0738390863165315,736384088.75,200.0,transformer_fedProx
1239,46,50.43951269791667,5761.071221550819,75.90172080757338,4833481685.149022,74.26138575571818,transformer_fedProx
1240,46,14.767687871527778,446.41992776233,21.128651820746395,274631494.74959487,65.95612114465641,transformer_fedProx
1241,46,50.62762057341271,8136.53877551541,90.20276478864386,28798530834.47393,33.22366257380334,transformer_fedProx
1242,46,7.165479163194445,114.0108737752428,10.677587451069778,5891625534.587679,18.2400878911424,transformer_fedProx
1243,46,17.327899427579364,547.498926452599,23.398694973280005,9853758763.115376,28.18896140409756,transformer_fedProx
1244,46,2.611005710714286,15.271515612537897,3.9078786588810415,1198697642.4309225,23.97807084112206,transformer_fedProx
1245,46,5.853627832341272,66.70914798082038,8.167566833569246,4240018382.642986,21.47643354776761,transformer_fedProx
1246,46,82.0766643422619,11131.058244744376,105.50383047427414,106096190349.93112,53.64632775402666,transformer_fedProx
1247,46,34.6645888953373,2178.507127234131,46.67448047096112,17757338287.12514,25.865550582919155,transformer_fedProx
1248,46,7.743475771329366,150.84247666040577,12.28179452117669,5789678652.875068,17.197407149167947,transformer_fedProx
1249,46,28.31489999404762,1792.9475809760074,42.34321174611117,52349471468.96737,46.40379305746962,transformer_fedProx
1250,46,13.358045001785715,399.0475930437394,19.97617563608559,24696914386.62604,46.40372446889079,transformer_fedProx
1251,46,13.872568852430554,490.7229911170714,22.15226830636248,33853616950.81287,45.68733089518018,transformer_fedProx
1252,46,24.515865782738096,1532.5591427518511,39.14791364494219,59826687888.31288,45.68733526914828,transformer_fedProx
1253,46,19.85977515079365,1005.192627175296,31.704772939973815,48447941811.93533,45.69688739109044,transformer_fedProx
1254,46,22.23217219444445,1021.901798549704,31.967198791099975,52636980315.22014,47.67016909414708,transformer_fedProx
1255,46,9.323763052721102,212.14211970443944,14.565099371595082,2.103995205272445,2.10038212207025,transformer_fedProx
1256,46,51.81523785714286,4042.357865284288,63.5795396749952,4577931011.003322,9.857422344357186,transformer_fedProx
1257,46,13.111224202380956,379.6245962667033,19.48395740774197,12317182147.198963,14.161692896734014,transformer_fedProx
1258,46,318.6947399999999,126474.09485139108,355.63196545219483,131321767925.10632,24.7718994195493,transformer_fedProx
1259,46,31.34655141121032,2224.9487065516046,47.169361947683846,30693366175.40521,15.893514440997317,transformer_fedProx
1260,46,52.95796902083334,5286.56078861659,72.70873942392751,43645644033.585205,16.707157680611182,transformer_fedProx
1261,46,13.235309340277778,343.2515362334895,18.527048772902,2941746836.04866,14.514475106417152,transformer_fedProx
1262,46,173.72914066468252,56156.42985570944,236.97347922438377,19644475358.448795,36.890638518198266,transformer_fedProx
1263,46,166.2126020386905,81417.90499578395,285.3382291172775,9427.19645892306,39.72630901424178,transformer_fedProx
1264,46,134.1827716517857,22524.885588662764,150.08292903812466,61245223628.19283,23.223519220632287,transformer_fedProx
1265,46,87.12915565029762,17138.241266065987,130.91310578420322,101532288065.0271,48.59584580094386,transformer_fedProx
1266,46,16.636995510416668,612.2503037883423,24.743692202020743,28630798128.69351,46.03050976233721,transformer_fedProx
1267,46,11.27134403125,345.175631510822,18.578902860794063,27892012349.320667,42.96439093737303,transformer_fedProx
1268,46,5.0023293976686505,53.66499114642913,7.325639299503432,8341181770.000201,44.81809671325255,transformer_fedProx
1269,46,23.163820558531743,1188.665490361218,34.477028444476154,31890718372.20424,43.56077192360774,transformer_fedProx
1270,46,2.9645206047123014,14.318743737942222,3.784011593262132,3284908341.92608,48.0610730569768,transformer_fedProx
1271,46,7.20356897921627,84.54101356262318,9.194618728507626,7981409111.272412,48.062404655702125,transformer_fedProx
1272,46,78.34657277380953,10190.773533196008,100.9493612322337,90404113065.64272,47.54467543766168,transformer_fedProx
1273,46,8.52412335798611,118.35091869659676,10.87892084246396,9443105556.711485,48.06524245708268,transformer_fedProx
1274,46,9.12678523174603,183.4783756876285,13.545418992693747,18984125356.890118,48.793284790997696,transformer_fedProx
1275,46,13.412227381944446,252.24276220375253,15.882152316476269,509896588.2985072,11.90993346734725,transformer_fedProx
1276,46,21.80423812053572,1121.9996313362285,33.496262945830665,43338946304.534935,45.36940655128879,transformer_fedProx
1277,46,105.91849238839286,15779.021604118783,125.61457560378408,52968532902.24276,21.359619903606216,transformer_fedProx
1278,46,33.082690714285725,1934.4100514253623,43.98192869151332,4589626299.092859,10.463799578242488,transformer_fedProx
1279,46,3.3649776629464285,22.65136140946574,4.759344640753151,259124275.07449067,16.767783892912654,transformer_fedProx
1280,46,8.244205504464286,172.08128253596084,13.11797555021204,7627131585.872706,13.25544552998394,transformer_fedProx
1281,46,12.449535573908731,292.9047203437626,17.114459393850645,8563651602.98422,19.1986917765062,transformer_fedProx
1282,46,10.46711047718254,230.5995901416988,15.1855059231393,8408825898.233806,17.71838239549002,transformer_fedProx
1283,46,8.83416774751984,150.06733220020067,12.250197231073493,5150734753.909703,20.23744515399966,transformer_fedProx
1284,46,7.632143433779762,115.19297521323612,10.732799039078117,5546605779.239613,21.44820206651398,transformer_fedProx
1285,46,9.134511332837302,168.398204268718,12.976833368303607,1510253622.5407608,18.21224639287789,transformer_fedProx
1286,46,10.12343682440476,231.2799929205873,15.20789245492574,9069084146.191162,13.871440750348016,transformer_fedProx
1287,46,47.33258193154762,3920.298832444864,62.61228978758774,31333749044.59983,16.870172787379843,transformer_fedProx
1288,46,110.48981362400792,21499.003265077463,146.62538410888294,313874711107.6102,69.2563631627009,transformer_fedProx
1289,46,15.081650823412698,415.0407218411317,20.372548241227253,577094094.5445647,25.156583587984883,transformer_fedProx
1290,46,10.05682325,189.38749112950143,13.76181278500407,2784143565.582402,20.759472976510075,transformer_fedProx
1291,46,76.68699066567463,11205.39331265502,105.85553038294702,127650058150.33427,47.06180153023739,transformer_fedProx
1292,46,45.02901008234128,5898.191081590485,76.79968152011104,29459766327.03329,30.24153127921288,transformer_fedProx
1293,46,30.686271568452383,4775.073702790314,69.10190809804251,65440716471.29829,21.980865056580896,transformer_fedProx
1294,46,16.611050736607144,572.9995179255213,23.9374083376944,10631625657.930853,17.395181752516557,transformer_fedProx
1295,46,119.36239668154762,32266.52405587668,179.6288508449483,13016755629.716822,25.00811419954784,transformer_fedProx
1296,46,17.365426183531746,545.3610181950509,23.35296594000537,24141239649.095886,41.87226327289344,transformer_fedProx
1297,46,25.806560957341272,1225.8004476885856,35.0114330996117,18181502878.47105,16.810528604434026,transformer_fedProx
1298,46,29.14010521626984,1464.2276758006626,38.26522802494012,5660667705.500218,80.66710840476571,transformer_fedProx
1299,46,2.3477842864583334,7.523554204129841,2.742909806050837,11.687119792199631,12.612513936710371,transformer_fedProx
1300,46,37.12049149503967,4559.871113768247,67.52681773760887,61250.29452886633,46.19961387679193,transformer_fedProx
1301,46,45.22442446924604,7591.510961400391,87.12927729185174,78491.57435933244,43.20538872711205,transformer_fedProx
1302,46,164.7355772916667,105266.5480528746,324.44806680403354,302545.5456462312,42.60886457110787,transformer_fedProx
1303,46,46.08062403273809,7696.376940845746,87.72899714943598,83779.7924558368,43.74437174223833,transformer_fedProx
1304,46,62.4546518452381,13212.789808239602,114.94689995054064,107121.47435852584,44.79821959546362,transformer_fedProx
1305,46,31.652139351686507,1839.2083433565003,42.88599239094859,30917.229815299823,63.50252184337336,transformer_fedProx
1306,46,7.492130043154762,144.2046543096681,12.00852423529503,10499.289515106764,52.41892193115964,transformer_fedProx
1307,46,29.655220867559525,2997.488877694548,54.74932764605012,49928.57871798684,45.31810932954955,transformer_fedProx
1308,46,56.41838451934524,9516.76408637646,97.55390349123124,87052.52275051276,47.794129169461286,transformer_fedProx
1309,46,15.21962053422619,713.8576228766419,26.718114133984862,22801.01810456268,46.93765001885812,transformer_fedProx
1310,46,3.692455200099206,40.24854410753094,6.344174028786642,5881.811747358957,48.91212486156435,transformer_fedProx
1311,46,2.9908921553075394,23.01371711559133,4.797261418308505,4454.218047067215,64.00126080876423,transformer_fedProx
1312,46,34.52842108630953,4644.434421921001,68.15008746818305,67652.62540920277,42.53189828896733,transformer_fedProx
1313,46,42.34573537698413,3958.642313500956,62.917742438051256,42747.33997219904,80.56121402723444,transformer_fedProx
1314,46,4.187198989632937,49.86559974214702,7.0615578835089226,6500.481731475245,52.84566341183309,transformer_fedProx
1315,46,16.83374684077381,1046.8072963871095,32.354401499442226,30206.818293132244,43.36803730641071,transformer_fedProx
1316,46,50.310828883928565,10146.400923688265,100.7293448985362,95129.60552307309,42.12194202316649,transformer_fedProx
1317,46,75.8759648015873,23258.357642803327,152.50691014771536,137493.72797700635,42.13287013324397,transformer_fedProx
1318,46,0.0558818571344936,0.0040714512691947,0.0638079248149846,553935208.3372358,186.01228518044007,transformer_fedProx
1319,46,4.226734064037699,46.85590931550451,6.845137640362283,79486708.3948649,50.95270727923877,transformer_fedProx
1320,46,286.0844438194444,265786.10158709186,515.5444710081681,418973.7421409932,55.85512750854639,transformer_fedProx
1321,46,101.15021119543653,34284.06191527983,185.1595579906148,170047.76546287807,45.15220134319413,transformer_fedProx
1322,46,335.8446326339286,278315.877633855,527.5565160566733,192934.5762763224,71.82659060368015,transformer_fedProx
1323,46,10.750800852678571,307.9546335855814,17.548636231501906,13876.74907127128,59.86130816641576,transformer_fedProx
1324,46,26.31810940575397,2271.373350305912,47.658927288661374,44261.354240404486,46.66550131763614,transformer_fedProx
1325,46,2.661289389583333,15.783510061836576,3.9728465942994298,3450.288791057741,61.78098538735287,transformer_fedProx
1326,46,12.171875509920634,471.1675520440805,21.70639426630044,20864.94942079188,45.98751899196893,transformer_fedProx
1327,46,22.431293925099208,1662.3981769593472,40.77251742239308,39826.76336910549,45.425883999996216,transformer_fedProx
1328,46,3.0015419744047622,21.29023572302344,4.614134341674876,2234.4631115396514,67.6384448115775,transformer_fedProx
1329,46,7.340894228174602,172.49103443668986,13.133584218966652,12979.42612220349,45.75299870565628,transformer_fedProx
1330,46,23.264357532242062,1497.4849863456063,38.69735115412431,31897.833999165563,51.54062779983259,transformer_fedProx
1331,46,43.24244085069444,4831.727211482853,69.51062660833128,64356.34230507698,50.62029625922938,transformer_fedProx
1332,46,92.13870240575396,23929.031066936303,154.69011302257266,119740.26154330102,65.48373281401872,transformer_fedProx
1333,46,36.35160153621031,4235.432496998373,65.08020049906402,60657.35177596029,47.02912631082621,transformer_fedProx
1334,46,62.63133585317461,14121.517567993202,118.83399163536164,108156.70504548046,44.086446384165896,transformer_fedProx
1335,46,19.333143145833336,1014.9281546774936,31.85793707504448,30274.351307695222,52.84198994716954,transformer_fedProx
1336,46,62.22794478670635,15344.711190258024,123.87377119575405,118412.33016475376,42.441963191445296,transformer_fedProx
1337,46,15.69893631795635,795.9713609495983,28.21296441265253,26536.652982150437,47.37272586697294,transformer_fedProx
1338,46,28.17651469146826,3225.3736605519885,56.79237326042986,54439.74036133079,42.00138096473154,transformer_fedProx
1339,46,76.80262675595239,16747.39021844666,129.4117081969273,122069.01953112592,49.35982077224144,transformer_fedProx
1340,46,4.34903859499008,57.75831912376683,7.599889415232752,6355.107047958095,46.67535355642882,transformer_fedProx
1341,46,9.611818118055556,190.90014615662184,13.816661903535955,11506.205699423328,70.8137236624684,transformer_fedProx
1342,46,14.02971153918651,631.0365758540754,25.12044139449137,22640.20823159601,46.31625805626235,transformer_fedProx
1343,46,32.10716612946428,3951.6377861208143,62.86205362633975,60698.944929016114,42.98197464973889,transformer_fedProx
1344,46,48.46402394345238,7441.888823498776,86.26638292810692,75165.817303129,47.080468580675465,transformer_fedProx
1345,46,51.58010509722222,6644.487297724887,81.51372459730256,60385.38624447357,73.18725830468496,transformer_fedProx
1346,46,167.46897676587304,119388.4953143756,345.5264032087499,322466.4418782478,41.3477418382102,transformer_fedProx
1347,46,27.153226535714285,2742.1464310596966,52.36550802827847,46955.54258599751,43.24597098287634,transformer_fedProx
1348,46,134.25109213789682,55569.32203662667,235.73146170298668,188458.16438366752,58.58012150609431,transformer_fedProx
1349,46,19.45916643501984,1314.5331924221348,36.25649172799452,35020.553089193,44.85549506291712,transformer_fedProx
1350,46,98.7963699404762,37506.05806240003,193.66480852855025,183567.9261678597,42.577880143954,transformer_fedProx
1351,46,23.766490499007936,2133.200150316512,46.18657976421843,44877.704185664894,43.00642076560525,transformer_fedProx
1352,46,0.4138997595833333,0.3959846873569156,0.6292731420908695,106401484.8273602,52.574901055371306,transformer_fedProx
1353,46,25.76864676835317,2152.7177841938174,46.39738984246654,42279.9244720847,47.50020064039823,transformer_fedProx
1354,46,45.51076162698413,7476.777559379454,86.46836160920047,83322.33073136566,43.763030465753786,transformer_fedProx
1355,46,3.688758805109127,35.792713541391834,5.982701191050063,5179.6903755784615,51.9864677403029,transformer_fedProx
1356,46,15.933532711309525,818.3447507084925,28.60672562018401,26483.350284818152,46.16719133083545,transformer_fedProx
1357,46,82.01843649305556,19012.194495685657,137.88471451065797,127038.0479749558,47.66285107433802,transformer_fedProx
1358,46,21.37393766826923,1449.2451321627111,38.06895233865402,10791.68376339677,45.653835840856175,transformer_fedProx
1359,46,47.32588702480159,5302.959097836215,72.82141922426543,66930.05104512296,52.62663212880284,transformer_fedProx
1360,46,5.147818321875,53.09500389350372,7.2866318620816655,5797.368950866799,60.29745416618274,transformer_fedProx
1361,46,20.221503005952385,1396.522059995036,37.37006903920618,33167.19337734651,44.69406122962036,transformer_fedProx
1362,46,5.016888601934523,82.61493271639846,9.089275698118,8838.027107355,45.52993078682693,transformer_fedProx
1363,46,4.402614091765874,60.64893388709084,7.787742541140586,7085.249081696513,47.07754356946807,transformer_fedProx
1364,46,23.038052865079365,1758.1235538328335,41.92998394744307,36381.57267928745,45.64689999120388,transformer_fedProx
1365,46,9.969452524305556,320.2513278477184,17.8955672681175,15277.215431926206,45.70633167010754,transformer_fedProx
1366,46,23.134066674107142,1780.6049245095962,42.19721465345309,34540.64353839737,45.96573541596018,transformer_fedProx
1367,46,25.139178872023813,2064.8819860716226,45.44097254759874,40835.87647738568,45.897459210107584,transformer_fedProx
1368,46,26.445330374503968,2056.252508967249,45.34592053280261,36605.132035586656,49.83341577678683,transformer_fedProx
1369,46,69.79546862599206,15805.284576173442,125.71907005770224,107412.77471153278,46.81329356723148,transformer_fedProx
1370,46,67.19307229166667,15220.471318403655,123.37127428377993,108371.65713740904,45.82958981932869,transformer_fedProx
1371,46,35.56535847420635,3928.833103881403,62.68040446488362,52910.97191943532,47.21620291834471,transformer_fedProx
1372,46,30.4078641374008,2872.6591216272045,53.59719322527258,43994.75532241477,47.70931347850127,transformer_fedProx
1373,46,13.007999255456347,490.0739812450289,22.137614624096894,19865.46212278065,49.62632727922708,transformer_fedProx
1374,46,14.669673108630953,526.220407790533,22.9394944972755,16651.57265687395,64.50587509717028,transformer_fedProx
1375,46,4.424348944097222,32.639744903482445,5.713120417379844,1586.1810973505924,116.74147710447362,transformer_fedProx
1376,46,3.0381591522817457,25.26980915384169,5.026908508600657,4991.774355559322,48.897646442759054,transformer_fedProx
1377,46,6.533886696924603,132.4974025575914,11.510751606979944,9608.29027076404,46.51781943173364,transformer_fedProx
1378,46,13.46346388839286,679.6047855409058,26.069230628096907,23926.62391799694,43.21805218243759,transformer_fedProx
1379,46,22.49698826140873,1486.774270904887,38.55871199748362,32043.15403757834,46.84521371404921,transformer_fedProx
1380,46,6.405216524553572,116.42776659133928,10.790169905582548,8542.122147327584,48.97980310343553,transformer_fedProx
1381,46,7.283266123511905,147.7779490933068,12.156395398855157,10150.2329901747,49.49181178340529,transformer_fedProx
1382,46,32.64702559573413,2565.849661568101,50.65421662179863,38470.98545323426,54.54012110151074,transformer_fedProx
1383,46,6.679074643849206,121.935604084132,11.042445566274347,8782.464763475986,49.60868227757543,transformer_fedProx
1384,46,2.752846540128969,24.26021350804097,4.925465816350873,4305.252027335856,45.66944432656862,transformer_fedProx
1385,46,44.66598918353175,5523.197473498691,74.31821764210099,66554.98724864997,49.17288787196733,transformer_fedProx
1386,46,35.91213473908731,4042.378207028376,63.57969964562884,58075.89068470182,46.604811507900806,transformer_fedProx
1387,46,5.364964037946428,78.37716405481531,8.853087825996944,7502.735319989135,49.71292779672159,transformer_fedProx
1388,46,3.314415145337301,34.333112333231306,5.859446418667151,5368.222401479265,45.927566561842845,transformer_fedProx
1389,46,5.930405382440476,100.40958953552908,10.020458549164758,9456.219089959117,47.68380583197444,transformer_fedProx
1390,46,40.30434438839286,3512.7448578163808,59.268413660367024,42014.22244256125,80.09339982717246,transformer_fedProx
1391,46,38.86016251984127,5743.422925987689,75.78537409017449,73517.35919872718,42.96893048965634,transformer_fedProx
1392,46,25.973424603174603,1096.9924638759903,33.120876556576675,901.4803000894713,126.01709651893462,transformer_fedProx
1393,46,12.493271543650794,390.3788372344812,19.758006914526607,15867.302995125909,63.3506717545569,transformer_fedProx
1394,46,23.196199541666672,814.0217052916319,28.531065617877506,5.35943647705353,5.565122773586423,transformer_fedProx
1395,46,37.38610174652778,4435.719281436029,66.6011957958416,60299.3898388501,46.71606512543455,transformer_fedProx
1396,46,105.32193824404764,46162.57959249021,214.85478722265,205767.93560904384,41.68102879825481,transformer_fedProx
1397,46,10.183721041170635,365.3408304714608,19.1138910343096,17983.65650396136,44.03538791595949,transformer_fedProx
1398,46,29.8639593874008,2135.671699886967,46.21332816284678,33189.36755077608,73.88261277657676,transformer_fedProx
1399,46,1.3343489171130951,6.249128162033792,2.4998256263255225,2245.831615320019,43.84751718793064,transformer_fedProx
1400,46,3.918851436755952,50.4080246004452,7.099860885992428,6475.533871740865,45.94193995436522,transformer_fedProx
1401,46,171.97312104662697,61785.21297217797,248.5663150392224,198294.5245170276,60.64564409899569,transformer_fedProx
1402,46,48.05832541815476,6916.934235495212,83.16810828373585,77976.74549097294,48.67707023033101,transformer_fedProx
1403,46,46.95792087797619,7957.657415249136,89.20570281797647,79262.45968009153,43.72035742116262,transformer_fedProx
1404,46,71.27847693948414,16583.628860858767,128.77743925415962,116496.9383311783,46.63520893296554,transformer_fedProx
1405,46,68.94684167658731,19283.06422347212,138.8634733235206,129799.28563370902,42.162617773643895,transformer_fedProx
1406,46,24.093510604662697,1779.9672449728866,42.18965803337219,39506.86491867965,47.04766841414691,transformer_fedProx
1407,46,24.42126529563492,1982.640051027827,44.526846407845085,40687.966424469945,45.05653446385752,transformer_fedProx
1408,46,5.618700943452381,62.91564858962949,7.931938513984428,4613.643877991266,92.63530347454922,transformer_fedProx
1409,46,1.376295647668651,6.128543568931327,2.475589539671576,2031.094129951424,45.8924555165295,transformer_fedProx
